{"cameraMode":{"drawMode":0,"name":"Shaded","section":"Shading Mode"},"sceneLighting":false,"audioPlay":false,"sceneViewState":{"m_AlwaysRefresh":false,"showFog":true,"showSkybox":false,"showFlares":true,"showImageEffects":true,"showParticleSystems":true,"showVisualEffectGraphs":true,"m_FxEnabled":true},"in2DMode":false,"pivot":{"x":4.718899726867676,"y":3.0716705322265627,"z":-0.11092360317707062},"rotation":{"x":-0.029364990070462228,"y":-0.5778123736381531,"z":-0.020812667906284334,"w":0.815384030342102},"size":2.2276062965393068,"orthographic":false}