{"cameraMode":{"drawMode":0,"name":"Shaded","section":"Shading Mode"},"sceneLighting":false,"audioPlay":false,"sceneViewState":{"m_AlwaysRefresh":false,"showFog":true,"showSkybox":false,"showFlares":true,"showImageEffects":true,"showParticleSystems":true,"showVisualEffectGraphs":true,"m_FxEnabled":true},"in2DMode":false,"pivot":{"x":-0.21994471549987794,"y":2.186260461807251,"z":-0.8480842113494873},"rotation":{"x":-0.018044138327240945,"y":-0.9809338450431824,"z":-0.1123134195804596,"w":0.15759456157684327},"size":2.2276062965393068,"orthographic":false}