{"cameraMode":{"drawMode":0,"name":"Shaded","section":"Shading Mode"},"sceneLighting":false,"audioPlay":false,"sceneViewState":{"m_AlwaysRefresh":false,"showFog":true,"showSkybox":false,"showFlares":true,"showImageEffects":true,"showParticleSystems":true,"showVisualEffectGraphs":true,"m_FxEnabled":true},"in2DMode":false,"pivot":{"x":15.086186408996582,"y":8.748970985412598,"z":-8.705770492553711},"rotation":{"x":-0.4418806731700897,"y":-0.050131164491176608,"z":0.024450281634926797,"w":-0.8954323530197144},"size":1.5367294549942017,"orthographic":false}